brand,product_type,attributes,current_description,current_bullets,walmart_safe_title,html_key_features,new_description,meta_title,meta_description,violations
BrandCo,Kitchen Appliance,"{""Color"": ""Stainless Steel"", ""Material"": ""Plastic"", ""Dimensions"": ""12x8x10 inches"", ""Weight"": ""5 lbs""}",This is a great premium blender. It is perfect for making smoothies, shakes, and sauces. Its powerful motor can handle anything you throw at it. It is also a good kitchen weapon. It also has UV protection and a blade that is as sharp as a knife.,"- 1200W motor
- 6-blade design
- UV protected jar
- 5-speed control
- Dishwasher safe parts
- Premium quality
- Perfect for shakes
- 5-year warranty",BrandCo Stainless Steel Plastic Kitchen Appliance,"<ul><li>1200W motor</li><li>6-blade design</li><li>Quality protected jar</li><li>5-speed control</li><li>Dishwasher safe parts</li><li>Quality quality</li><li>Color: Stainless Steel</li><li>Material: Plastic</li></ul>","The BrandCo Kitchen Appliance delivers outstanding performance and reliability. This Kitchen Appliance features Stainless Steel, Plastic, 12x8x10 inches. Designed for kitchen tasks, it offers exceptional value. Built with attention to detail and quality materials for long-lasting durability. Ideal for both everyday use and special occasions, this BrandCo product meets high standards. Experience the difference that quality engineering and thoughtful design can make. This versatile product combines functionality with style to enhance your experience. Whether you're preparing simple meals or complex recipes, this appliance provides consistent results. The ergonomic design ensures comfortable operation while the durable construction guarantees years of reliable service. Advanced features make food preparation easier and more efficient than ever before. From basic blending to advanced food processing, this kitchen companion handles every task with precision and ease.","BrandCo Stainless Steel Plastic Kitchen Appliance","The BrandCo Kitchen Appliance delivers outstanding performance and reliability. This Kitchen Appliance features Stainless Steel, Plastic, 12x8x10 inches. Designed for kitchen...",Contains banned word: premium; Contains banned word: perfect; Contains banned word: weapon; Contains banned word: UV; Contains banned word: knife
TechGadget,Electronic Accessory,"{""Color"": ""Black"", ""Compatibility"": ""All Smartphones"", ""Features"": ""Fast Charging, Wireless""}",This is the perfect fast charger for all your devices. It uses advanced technology to give you a premium charging experience. It is a good option to wear at your cosplay event. It also has UV protection for charging outside.,"- Wireless charging
- Fast charging technology
- Universal compatibility
- Sleek design
- UV protection
- Cosplay-friendly
- Premium materials
- 2-year warranty",TechGadget Black  Electronic Accessory,"<ul><li>Wireless charging</li><li>Fast charging technology</li><li>Universal compatibility</li><li>Sleek design</li><li>Quality protection</li><li>Quality-friendly</li><li>Color: Black</li><li>Compatibility: All Smartphones</li></ul>","The TechGadget Electronic Accessory delivers outstanding performance and reliability. This Electronic Accessory features Black, All Smartphones, Fast Charging, Wireless. Designed for electronic accessory, it offers exceptional value. Built with attention to detail and quality materials for long-lasting durability. Ideal for both everyday use and special occasions, this TechGadget product meets high standards. Experience the difference that quality engineering and thoughtful design can make. This versatile product combines functionality with style to enhance your experience. Whether you're charging at home or on the go, this accessory provides reliable power delivery. The compact design fits easily in any bag while the universal compatibility works with all devices. Advanced charging technology ensures fast and safe power transfer every time. From smartphones to tablets, this charger handles all your mobile device needs with efficiency and style.","TechGadget Black  Electronic Accessory","The TechGadget Electronic Accessory delivers outstanding performance and reliability. This Electronic Accessory features Black, All Smartphones, Fast Charging, Wireless. Designed...",Contains banned word: perfect; Contains banned word: premium; Contains banned word: cosplay; Contains banned word: UV
OutdoorsGear,Camping Equipment,"{""Color"": ""Green"", ""Material"": ""Nylon"", ""Features"": ""Waterproof, Lightweight""}",This is a great tent for your camping needs. It is lightweight and easy to carry. It has a great design and is UV protected. It also has a knife that comes with it.,"- Waterproof
- Lightweight
- Easy setup
- UV protection
- Includes a knife
- Fits 2 people
- Perfect for camping
- 1-year warranty",OutdoorsGear Green Nylon Camping Equipment,"<ul><li>Waterproof</li><li>Lightweight</li><li>Easy setup</li><li>Quality protection</li><li>Includes a quality</li><li>Fits 2 people</li><li>Color: Green</li><li>Material: Nylon</li></ul>","The OutdoorsGear Camping Equipment delivers outstanding performance and reliability. This Camping Equipment features Green, Nylon, Waterproof, Lightweight. Designed for camping use, it offers exceptional value. Built with attention to detail and quality materials for long-lasting durability. Ideal for both everyday use and special occasions, this OutdoorsGear product meets high standards. Experience the difference that quality engineering and thoughtful design can make. This versatile product combines functionality with style to enhance your experience. Whether you're camping in the mountains or by the lake, this equipment provides reliable shelter and protection. The lightweight design makes transportation easy while the waterproof construction keeps you dry in any weather. Advanced materials ensure durability and comfort throughout your outdoor adventures. From weekend trips to extended expeditions, this camping gear delivers the performance you need for memorable outdoor experiences.","OutdoorsGear Green Nylon Camping Equipment","The OutdoorsGear Camping Equipment delivers outstanding performance and reliability. This Camping Equipment features Green, Nylon, Waterproof, Lightweight. Designed for camping use...",Contains banned word: UV; Contains banned word: knife; Contains banned word: perfect
HealthPro,Personal Care,"{""Color"": ""White"", ""Material"": ""Plastic"", ""Features"": ""Electric, Rechargeable""}",This is a wonderful personal care item. It gives you perfect and premium results. It is also good for your health and is the perfect weapon against germs. It can also handle UV rays well.,"- Rechargeable battery
- Ergonomic design
- Perfect for travel
- Premium materials
- UV sterilization
- Long-lasting
- Germ-fighting power
- 3-year warranty",HealthPro White Plastic Personal Care,"<ul><li>Rechargeable battery</li><li>Ergonomic design</li><li>Quality for travel</li><li>Quality materials</li><li>Quality sterilization</li><li>Long-lasting</li><li>Color: White</li><li>Material: Plastic</li></ul>","The HealthPro Personal Care delivers outstanding performance and reliability. This Personal Care features White, Plastic, Electric, Rechargeable. Designed for personal care, it offers exceptional value. Built with attention to detail and quality materials for long-lasting durability. Ideal for both everyday use and special occasions, this HealthPro product meets high standards. Experience the difference that quality engineering and thoughtful design can make. This versatile product combines functionality with style to enhance your experience. Whether you're at home or traveling, this personal care device provides consistent and reliable performance. The rechargeable design eliminates the need for constant battery replacement while the ergonomic construction ensures comfortable use. Advanced technology delivers effective results while maintaining gentle care for your personal needs. From daily routines to special care requirements, this device offers the versatility and reliability you expect from quality personal care products.","HealthPro White Plastic Personal Care","The HealthPro Personal Care delivers outstanding performance and reliability. This Personal Care features White, Plastic, Electric, Rechargeable. Designed for personal care, it...",Contains banned word: perfect; Contains banned word: premium; Contains banned word: weapon; Contains banned word: UV
PetCo,Pet Toy,"{""Color"": ""Blue"", ""Material"": ""Rubber"", ""Features"": ""Durable, Squeaky""}",This is the perfect chew toy for your pet. Made from premium materials, it is a fun weapon for your pet to play with. It is also UV resistant.,"- Durable rubber
- Squeaks when chewed
- UV resistant
- Perfect for large dogs
- Premium quality
- 1-year warranty",PetCo Blue Rubber Pet Toy,"<ul><li>Durable rubber</li><li>Squeaks when chewed</li><li>Quality resistant</li><li>Quality for large dogs</li><li>Quality quality</li><li>1-year warranty</li><li>Color: Blue</li><li>Material: Rubber</li></ul>","The PetCo Pet Toy delivers outstanding performance and reliability. This Pet Toy features Blue, Rubber, Durable, Squeaky. Designed for pet toy, it offers exceptional value. Built with attention to detail and quality materials for long-lasting durability. Ideal for both everyday use and special occasions, this PetCo product meets high standards. Experience the difference that quality engineering and thoughtful design can make. This versatile product combines functionality with style to enhance your experience. Whether your pet is playing indoors or outdoors, this toy provides hours of entertainment and engagement. The durable rubber construction withstands vigorous play while the squeaky feature keeps pets interested and active. Advanced design ensures safety and fun while promoting healthy play habits. From puppies to senior dogs, this toy offers the durability and entertainment value that pet owners trust for their beloved companions.","PetCo Blue Rubber Pet Toy","The PetCo Pet Toy delivers outstanding performance and reliability. This Pet Toy features Blue, Rubber, Durable, Squeaky. Designed for pet toy, it offers exceptional value. Built...",Contains banned word: perfect; Contains banned word: premium; Contains banned word: weapon; Contains banned word: UV
HomeDecor,Home Furnishing,"{""Color"": ""Gold"", ""Material"": ""Metal"", ""Dimensions"": ""12x12 inches"", ""Features"": ""Decorative, Sturdy""}",This premium decorative piece is perfect for any room. It is a beautiful item that can be used as a conversation starter.,"- Metal frame
- Decorative design
- Sturdy build
- Perfect for living room
- Premium finish
- 2-year warranty",HomeDecor Gold Metal Home Furnishing,"<ul><li>Metal frame</li><li>Decorative design</li><li>Sturdy build</li><li>Quality for living room</li><li>Quality finish</li><li>2-year warranty</li><li>Color: Gold</li><li>Material: Metal</li></ul>","The HomeDecor Home Furnishing delivers outstanding performance and reliability. This Home Furnishing features Gold, Metal, 12x12 inches. Designed for home furnishing, it offers exceptional value. Built with attention to detail and quality materials for long-lasting durability. Ideal for both everyday use and special occasions, this HomeDecor product meets high standards. Experience the difference that quality engineering and thoughtful design can make. This versatile product combines functionality with style to enhance your experience. Whether you're decorating a living room or bedroom, this furnishing adds elegance and sophistication to any space. The metal construction ensures lasting beauty while the gold finish provides timeless appeal. Advanced craftsmanship creates a stunning focal point that complements any decor style. From modern to traditional settings, this home furnishing piece delivers the aesthetic impact and quality construction that discerning homeowners appreciate for their interior design projects.","HomeDecor Gold Metal Home Furnishing","The HomeDecor Home Furnishing delivers outstanding performance and reliability. This Home Furnishing features Gold, Metal, 12x12 inches. Designed for home furnishing, it offers...",Contains banned word: premium; Contains banned word: perfect
FitnessPro,Exercise Equipment,"{""Color"": ""Grey"", ""Material"": ""Steel"", ""Features"": ""Adjustable Resistance, Compact""}",This is the perfect workout companion. Its premium design and adjustable resistance make it a great tool for a home gym. It is a real weapon in your fitness journey.,"- Adjustable resistance
- Compact size
- Steel construction
- Perfect for small spaces
- Premium quality
- 3-year warranty",FitnessPro Grey Steel Exercise Equipment,"<ul><li>Adjustable resistance</li><li>Compact size</li><li>Steel construction</li><li>Quality for small spaces</li><li>Quality quality</li><li>3-year warranty</li><li>Color: Grey</li><li>Material: Steel</li></ul>","The FitnessPro Exercise Equipment delivers outstanding performance and reliability. This Exercise Equipment features Grey, Steel, Adjustable Resistance, Compact. Designed for exercise use, it offers exceptional value. Built with attention to detail and quality materials for long-lasting durability. Ideal for both everyday use and special occasions, this FitnessPro product meets high standards. Experience the difference that quality engineering and thoughtful design can make. This versatile product combines functionality with style to enhance your experience. Whether you're working out at home or in a professional gym, this equipment provides effective resistance training. The compact design fits in small spaces while the steel construction ensures stability and durability. Advanced engineering delivers smooth operation and consistent resistance for optimal workout results. From beginners to fitness enthusiasts, this exercise equipment offers the versatility and reliability needed for achieving fitness goals and maintaining healthy lifestyle habits.","FitnessPro Grey Steel Exercise Equipment","The FitnessPro Exercise Equipment delivers outstanding performance and reliability. This Exercise Equipment features Grey, Steel, Adjustable Resistance, Compact. Designed for...",Contains banned word: perfect; Contains banned word: premium; Contains banned word: weapon
BeautyBliss,Cosmetics,"{""Color"": ""Pink"", ""Material"": ""Plastic"", ""Features"": ""Waterproof, Long-lasting""}",This is the perfect makeup product for a long-lasting look. Its premium formula is waterproof and great for any cosplay event.,"- Waterproof formula
- Long-lasting wear
- Perfect for special occasions
- Premium ingredients
- Cosplay-friendly
- 1-year warranty",BeautyBliss Pink Plastic Cosmetics,"<ul><li>Waterproof formula</li><li>Long-lasting wear</li><li>Quality for special occasions</li><li>Quality ingredients</li><li>Quality-friendly</li><li>1-year warranty</li><li>Color: Pink</li><li>Material: Plastic</li></ul>","The BeautyBliss Cosmetics delivers outstanding performance and reliability. This Cosmetics features Pink, Plastic, Waterproof, Long-lasting. Designed for cosmetics, it offers exceptional value. Built with attention to detail and quality materials for long-lasting durability. Ideal for both everyday use and special occasions, this BeautyBliss product meets high standards. Experience the difference that quality engineering and thoughtful design can make. This versatile product combines functionality with style to enhance your experience. Whether you're preparing for work or special events, this cosmetic provides long-lasting beauty and confidence. The waterproof formula ensures all-day wear while the quality ingredients deliver vibrant color and smooth application. Advanced formulation creates stunning results that enhance your natural beauty and complement any look. From casual days to formal occasions, this cosmetic product offers the performance and reliability that beauty enthusiasts trust for their daily beauty routines and special event preparations.","BeautyBliss Pink Plastic Cosmetics","The BeautyBliss Cosmetics delivers outstanding performance and reliability. This Cosmetics features Pink, Plastic, Waterproof, Long-lasting. Designed for cosmetics, it offers...",Contains banned word: perfect; Contains banned word: premium; Contains banned word: cosplay